player,player_id,position,player_game_count,team_name,targets,receptions,yards,routes,yprr
Valentino Blake,7362,CB,1,PIT,1,1,25,1,25.0
Russell Wilson,7077,QB,1,SEA,1,1,17,1,17.0
Brian Leonard,3668,HB,1,NO,1,1,15,1,15.0
Damian Williams,5601,WR,1,SL,1,1,14,1,14.0
Karl Klug,6294,DI,1,TEN,1,1,9,1,9.0
Tyler Eifert,7802,TE,1,CIN,3,3,37,6,6.17
Andy Dalton,6187,QB,3,CIN,1,1,18,3,6.0
Garrett Celek,7274,TE,3,SF,2,2,53,9,5.89
Joe McKnight,5636,HB,1,KC,7,6,64,11,5.82
Silas Redd,8900,HB,6,WAS,9,8,107,24,4.46
Antone Smith,5440,HB,10,ATL,15,13,222,50,4.44
Derrick Coleman,7377,FB,4,SEA,2,2,29,8,3.63
Jalen Saunders,8739,WR,2,NO,1,1,7,2,3.5
Robert Hughes,6564,HB,11,ARZ,12,8,140,40,3.5
Zurlon Tipton,9164,HB,2,IND,6,6,68,21,3.24
Donald Penn,3459,T,1,OAK,1,1,3,1,3.0
Isa Abdul-Quddus,6722,S,1,DET,1,1,3,1,3.0
A.J. Green,6156,WR,13,CIN,109,69,1041,352,2.96
Bryce Brown,7213,HB,7,BUF,22,16,176,60,2.93
Phillip Supernaw,7324,TE,4,BLT,2,2,32,11,2.91
Rex Burkhead,7971,HB,5,CIN,8,7,49,17,2.88
Dwayne Harris,6328,WR,16,DAL,11,7,116,41,2.83
Lorenzo Taliaferro,8773,HB,10,BLT,10,8,114,41,2.78
Demaryius Thomas,5547,WR,16,DEN,178,111,1619,583,2.78
Martavis Bryant,8753,WR,10,PIT,48,26,549,199,2.76
Odell Beckham Jr.,8647,WR,12,NYG,129,91,1305,474,2.75
Antonio Andrews,9014,HB,2,TEN,2,2,11,4,2.75
Julio Jones,6158,WR,15,ATL,156,104,1593,585,2.72
Dez Bryant,5549,WR,16,DAL,135,88,1320,492,2.68
Antonio Brown,5718,WR,16,PIT,178,129,1698,636,2.67
Jordy Nelson,4350,WR,16,GB,146,98,1519,570,2.66
Ricardo Lockette,6622,WR,15,SEA,14,11,195,74,2.64
Trey Watts,8950,HB,5,SL,4,3,18,7,2.57
Michael Campanaro,8852,WR,4,BLT,9,7,102,40,2.55
Rob Gronkowski,5567,TE,15,NE,124,82,1124,444,2.53
Lance Dunbar,7332,HB,16,DAL,19,17,205,82,2.5
Theo Riddick,7980,HB,12,DET,46,34,316,129,2.45
Emmanuel Sanders,5606,WR,16,DEN,140,101,1409,574,2.45
DeSean Jackson,4363,WR,15,WAS,87,56,1169,479,2.44
Orleans Darkwa,9173,HB,4,NYG,5,5,48,20,2.4
Adrien Robinson,7127,TE,9,NYG,7,5,50,21,2.38
T.Y. Hilton,7092,WR,15,IND,123,82,1346,570,2.36
Calvin Johnson,3618,WR,13,DET,124,71,1077,469,2.3
Josh Hill,8200,TE,16,NO,18,14,176,77,2.29
DeAndre Hopkins,7808,WR,16,HST,120,76,1210,534,2.27
Travis Kelce,7844,TE,16,KC,80,67,862,379,2.27
Randall Cobb,6216,WR,16,GB,125,91,1287,574,2.24
Josh Gordon,7618,WR,5,CLV,44,24,303,137,2.21
MarQueis Gray,8286,TE,10,BUF,10,9,134,61,2.2
Steve Smith,837,WR,16,BLT,130,79,1068,493,2.17
Steve Johnson,4538,WR,13,SF,49,35,435,203,2.14
Golden Tate,5585,WR,16,DET,136,99,1331,626,2.13
Eric Decker,5611,WR,15,NYJ,110,74,962,454,2.12
Jeremy Maclin,4942,WR,16,PHI,140,85,1318,622,2.12
Troy Niklas,8687,TE,6,ARZ,3,3,38,18,2.11
Damien Williams,9205,HB,12,MIA,25,21,187,89,2.1
Roy Helu,6257,HB,14,WAS,43,41,453,217,2.09
Fitzgerald Toussaint,9244,HB,3,BLT,6,3,27,13,2.08
Mike Evans,8642,WR,15,TB,116,68,1051,510,2.06
Kenny Stills,7926,WR,15,NO,80,63,931,456,2.04
Andrew Hawkins,6125,WR,15,CLV,101,63,824,406,2.03
Joshua Cribbs,2544,WR,1,IND,1,1,8,4,2.0
Adrian Peterson,3623,HB,1,MIN,3,2,18,9,2.0
Anquan Boldin,1369,WR,16,SF,121,83,1062,544,1.95
Brian Quick,7037,WR,7,SL,37,25,375,194,1.93
Andre Johnson,1319,WR,15,HST,141,85,936,485,1.93
Jordan Cameron,6254,TE,10,CLV,42,24,424,220,1.93
Dontrelle Inman,6597,WR,2,SD,16,12,158,82,1.93
Julian Edelman,5156,WR,14,NE,124,92,971,509,1.91
Taylor Gabriel,9002,WR,16,CLV,71,38,633,333,1.9
Jordan Reed,7866,TE,11,WAS,65,50,465,246,1.89
Greg Olsen,3647,TE,16,CAR,118,82,997,533,1.87
Kamar Aiken,6671,WR,15,BLT,32,24,267,143,1.87
Kelvin Benjamin,8663,WR,16,CAR,142,73,1008,541,1.86
Delanie Walker,3120,TE,15,TEN,100,63,890,481,1.85
Jaron Brown,8128,WR,15,ARZ,32,22,229,125,1.83
Brandon Williams,7876,TE,7,CAR,6,4,44,24,1.83
Pierre Thomas,4080,HB,11,NO,50,45,378,206,1.83
Miles Austin,3211,WR,12,CLV,67,47,568,313,1.81
Alshon Jeffery,7048,WR,16,CHI,134,84,1124,622,1.81
Jordan Matthews,8677,WR,16,PHI,98,67,876,485,1.81
Devonta Freeman,8738,HB,16,ATL,34,30,225,125,1.8
Ladarius Green,7110,TE,14,SD,22,18,222,123,1.8
Brandon LaFell,5602,WR,16,NE,114,74,953,533,1.79
Jeff Janis,8870,WR,3,GB,2,2,16,9,1.78
Niles Paul,6307,TE,16,WAS,50,38,493,278,1.77
De'Anthony Thomas,8759,HB,12,KC,30,24,173,98,1.77
Adam Thielen,8288,WR,15,MIN,13,8,137,78,1.76
Fred Jackson,3368,HB,14,BUF,81,66,494,283,1.75
Jarvis Landry,8698,WR,16,MIA,105,84,755,432,1.75
Zach Ertz,7816,TE,16,PHI,85,57,690,397,1.74
Donte Moncrief,8725,WR,16,IND,46,32,444,255,1.74
Vincent Jackson,2278,WR,16,TB,138,70,1002,579,1.73
Victor Cruz,5827,WR,6,NYG,40,23,337,195,1.73
Charles Johnson,7998,WR,11,MIN,55,31,476,275,1.73
Mike Wallace,5007,WR,16,MIA,108,67,862,500,1.72
Fozzy Whittaker,8547,HB,6,CAR,6,5,60,35,1.71
Jimmy Graham,5619,TE,16,NO,121,85,889,522,1.7
Ahmad Bradshaw,3866,HB,10,IND,45,38,300,177,1.69
James Casey,5076,TE,15,PHI,3,3,59,35,1.69
Le'Veon Bell,7829,HB,16,PIT,97,80,834,493,1.69
Tony Moeaki,5617,TE,6,SEA,13,8,134,80,1.68
Devin Hester,3002,WR,16,ATL,57,38,504,300,1.68
Brenton Bersin,7516,WR,15,CAR,19,13,151,90,1.68
Travaris Cadet,7457,HB,14,NO,43,38,296,176,1.68
Peyton Hillis,4541,HB,5,NYG,14,10,87,52,1.67
Bobby Rainey Jr.,7511,HB,12,TB,38,33,315,189,1.67
C.J. Spiller,5534,HB,9,BUF,21,19,131,79,1.66
Travis Benjamin,7100,WR,16,CLV,46,18,314,190,1.65
Darren Sproles,2347,HB,15,PHI,60,40,387,234,1.65
Andre Ellington,7968,HB,12,ARZ,62,46,395,239,1.65
Torrey Smith,6210,WR,16,BLT,89,49,767,465,1.65
Coby Fleener,7038,TE,16,IND,86,51,774,471,1.64
Allen Robinson II,8696,WR,10,JAX,76,48,548,335,1.64
Martellus Bennett,4375,TE,16,CHI,123,89,906,551,1.64
Jarius Wright,7118,WR,16,MIN,60,42,588,361,1.63
Zac Stacy,7942,HB,11,SL,22,18,152,93,1.63
Corey Washington,9189,WR,8,NYG,7,5,52,32,1.63
Doug Baldwin,6615,WR,16,SEA,89,65,808,500,1.62
Kenny Britt,4953,WR,16,SL,81,48,748,465,1.61
Jared Cook,5012,TE,16,SL,91,52,650,403,1.61
Albert Wilson,8943,WR,7,KC,25,16,260,161,1.61
Charles Sims,8704,HB,8,TB,23,18,184,115,1.6
Percy Harvin,4945,WR,13,NYJ,76,51,483,301,1.6
Corey Brown,8986,WR,12,CAR,36,21,296,185,1.6
Sammy Watkins,8639,WR,16,BUF,124,65,982,618,1.59
Branden Oliver,9286,HB,14,SD,43,35,251,158,1.59
Cooper Helfet,7737,TE,9,SEA,21,12,185,116,1.59
Matt Forte,4358,HB,16,CHI,118,102,808,509,1.59
Keenan Allen,7857,WR,14,SD,112,77,783,495,1.58
Rueben Randle,7065,WR,16,NYG,122,71,938,594,1.58
Antonio Gates,1609,TE,16,SD,98,69,821,523,1.57
Kendall Wright,7026,WR,14,TEN,86,57,715,455,1.57
Courtney Roby,2285,WR,1,ATL,2,1,11,7,1.57
Dwayne Bowe,3639,WR,15,KC,90,60,754,479,1.57
Zach Sudfeld,8313,TE,16,NYJ,6,5,85,54,1.57
Ted Ginn Jr.,3625,WR,16,ARZ,25,14,190,122,1.56
Brandin Cooks,8655,WR,10,NO,65,53,550,353,1.56
Marques Colston,3197,WR,16,NO,96,59,902,579,1.56
Roddy White,2244,WR,14,ATL,122,80,921,590,1.56
Charles Clay,6326,TE,14,MIA,81,58,605,387,1.56
Larry Fitzgerald,1724,WR,14,ARZ,100,63,784,507,1.55
Robert Turbin,7106,HB,15,SEA,19,16,186,120,1.55
DeMarco Murray,6223,HB,16,DAL,62,57,416,270,1.54
Jason Witten,1384,TE,16,DAL,86,63,702,458,1.53
Cody Latimer,8691,WR,4,DEN,4,2,23,15,1.53
John Brown,8726,WR,16,ARZ,94,48,696,459,1.52
Stedman Bailey,7873,WR,14,SL,42,29,416,273,1.52
Brice Butler,7991,WR,14,OAK,34,21,280,186,1.51
Mohamed Sanu,7084,WR,16,CIN,97,56,790,523,1.51
Eddie Royal,4356,WR,16,SD,86,62,778,516,1.51
Brandon Marshall,3064,WR,13,CHI,101,61,721,481,1.5
Cedric Peerman,5109,HB,6,CIN,3,3,27,18,1.5
Heath Miller,2247,TE,16,PIT,87,66,766,515,1.49
Dan Herron,7179,HB,11,IND,24,21,173,117,1.48
Toby Gerhart,5576,HB,14,JAX,24,20,186,126,1.48
C.J. Anderson,8101,HB,15,DEN,41,34,325,220,1.48
Michael Crabtree,4933,WR,16,SF,102,68,698,473,1.48
Andre Holmes,6489,WR,16,OAK,91,47,693,473,1.47
Benny Cunningham,8283,HB,16,SL,48,44,346,235,1.47
Daniel Fells,3309,TE,16,NYG,20,16,188,129,1.46
Michael Floyd,7019,WR,16,ARZ,93,47,844,584,1.45
Rod Streater,7416,WR,3,OAK,13,9,84,58,1.45
Julius Thomas,6281,TE,13,DEN,60,43,489,338,1.45
Reggie Bush,2947,HB,11,DET,52,40,253,176,1.44
Malcom Floyd,2044,WR,16,SD,86,52,856,597,1.43
Darrel Young,5438,FB,16,WAS,13,11,81,57,1.42
Jace Amaro,8684,TE,14,NYJ,52,38,345,244,1.41
Aaron Dobson,7840,WR,4,NE,5,3,38,27,1.41
Harry Douglas,4398,WR,12,ATL,72,51,556,394,1.41
Dwayne Allen,7066,TE,13,IND,47,29,395,280,1.41
Jackie Battle,3885,FB,9,TEN,5,5,28,20,1.4
Matt Asiata,6432,HB,15,MIN,58,44,312,226,1.38
Pierre Garcon,4519,WR,16,WAS,99,68,752,543,1.38
Eddie Lacy,7842,HB,16,GB,50,42,427,309,1.38
Giovani Bernard,7818,HB,13,CIN,54,42,303,219,1.38
Reggie Wayne,800,WR,15,IND,110,64,779,565,1.38
Craig Stevens,4399,TE,5,TEN,2,2,26,19,1.37
Ka'Deem Carey,8752,HB,12,CHI,6,5,57,42,1.36
Tommy Bohanon,7997,FB,4,NYJ,2,2,30,22,1.36
Kevin Norwood,8758,WR,9,SEA,10,9,102,75,1.36
Cole Beasley,7330,WR,16,DAL,48,37,420,308,1.36
Will Ta'ufo'ou,5226,FB,16,JAX,8,7,81,60,1.35
James White,8765,HB,3,NE,5,5,23,17,1.35
Terrance Williams,7855,WR,16,DAL,62,37,621,461,1.35
Markus Wheaton,7860,WR,16,PIT,83,53,644,481,1.34
Luke Willson,7940,TE,15,SEA,36,19,315,235,1.34
Joe Webb III,5722,QB,2,CAR,3,1,16,12,1.33
Chris Givens,7096,WR,14,SL,17,11,159,120,1.33
Greg Jennings,2997,WR,16,MIN,88,59,742,564,1.32
Joseph Fauria,8478,TE,7,DET,12,6,74,56,1.32
Justin Hunter,7815,WR,12,TEN,66,28,498,377,1.32
Allen Hurns,8931,WR,16,JAX,91,51,677,516,1.31
Bruce Miller,6363,FB,16,SF,24,18,189,144,1.31
Rashad Jennings,5174,HB,10,NYG,37,30,226,172,1.31
Rishard Matthews,7211,WR,14,MIA,21,12,138,106,1.3
Jermaine Gresham,5546,TE,15,CIN,77,62,460,354,1.3
Dion Sims,7888,TE,14,MIA,34,24,284,218,1.3
Owen Daniels,3043,TE,15,BLT,72,48,527,408,1.29
Ace Sanders,7883,WR,11,JAX,7,6,55,43,1.28
Marqise Lee,8674,WR,13,JAX,61,37,422,330,1.28
Griff Whalen,7351,WR,5,IND,2,2,23,18,1.28
James Jones,3694,WR,16,OAK,108,73,666,522,1.28
Derek Hagan,3027,WR,16,TEN,31,19,254,198,1.28
Derek Carrier,7406,TE,9,SF,14,9,105,83,1.27
Darren Fells,8549,TE,7,ARZ,9,5,71,56,1.27
Kyle Juszczyk,7912,FB,16,BLT,22,19,182,143,1.27
Brandon Lloyd,1436,WR,14,SF,33,14,294,231,1.27
Marcel Reece,4702,FB,15,OAK,53,36,269,213,1.26
Lance Kendricks,6199,TE,16,SL,36,27,259,206,1.26
Chris Hogan,6468,WR,13,BUF,58,41,433,344,1.26
Taylor Thompson,7140,TE,3,TEN,4,2,24,19,1.26
Greg Salas,6264,WR,8,NYJ,20,8,167,134,1.25
Clay Harbor,5648,TE,13,JAX,34,26,289,233,1.24
Jermaine Kearse,7428,WR,15,SEA,64,38,537,433,1.24
Nick Toon,7122,WR,7,NO,23,17,215,174,1.24
Nate Washington,2832,WR,16,TEN,71,40,637,515,1.24
Donnie Avery,4347,WR,5,KC,23,15,176,143,1.23
Jim Dray,5756,TE,16,CLV,26,16,212,172,1.23
Jeremy Hill,8690,HB,16,CIN,31,27,215,175,1.23
Chris Thompson,7936,HB,2,WAS,7,6,27,22,1.23
Tre Mason,8710,HB,12,SL,25,16,148,120,1.23
Arian Foster,5398,HB,13,HST,56,38,327,269,1.22
Marshawn Lynch,3628,HB,16,SEA,43,37,367,300,1.22
Rob Housler,6221,TE,15,ARZ,17,9,129,106,1.22
Santana Moss,786,WR,10,WAS,14,10,116,96,1.21
Jerricho Cotchery,1829,WR,15,CAR,72,48,580,479,1.21
Larry Donnell,7638,TE,16,NYG,87,63,623,514,1.21
Robert Woods,7822,WR,16,BUF,98,64,697,577,1.21
Cameron Brate,9207,TE,2,TB,1,1,17,14,1.21
Dexter McCluster,5561,HB,14,TEN,34,26,197,165,1.19
Knile Davis,7878,HB,16,KC,22,16,147,125,1.18
Rhett Ellison,7128,TE,16,MIN,24,19,208,177,1.18
Chase Ford,7528,TE,11,MIN,30,23,258,219,1.18
Vincent Brown,6234,WR,7,OAK,20,12,118,101,1.17
Khiry Robinson,8514,HB,9,NO,9,8,63,54,1.17
Trent Richardson,7009,HB,15,IND,33,27,229,196,1.17
Cecil Shorts,6266,WR,13,JAX,102,53,557,476,1.17
Shane Vereen,6208,HB,16,NE,70,51,446,381,1.17
Joique Bell,5797,HB,15,DET,46,33,317,270,1.17
Louis Murphy Jr.,5048,WR,11,TB,53,31,380,326,1.17
Chris Owusu,7276,WR,7,NYJ,6,6,78,68,1.15
Jacoby Jones,3689,WR,13,BLT,16,9,131,115,1.14
Brent Celek,3778,TE,16,PHI,45,31,341,299,1.14
Dennis Pitta,5638,TE,3,BLT,19,15,102,90,1.13
Bruce Ellington,8741,WR,10,SF,11,6,62,55,1.13
Mike Williams,5625,WR,8,BUF,17,8,142,126,1.13
Jeff Maehl,6706,WR,8,PHI,5,5,46,41,1.12
Crockett Gillmore,8734,TE,14,BLT,13,10,121,109,1.11
Joe Morgan,6696,WR,5,NO,10,4,92,83,1.11
Zach Miller,3654,TE,3,SEA,7,6,76,69,1.1
Richard Rodgers,8733,TE,16,GB,29,20,225,204,1.1
Steven Jackson,1745,HB,15,ATL,23,20,148,136,1.09
Jordan Todman,6335,HB,16,JAX,34,24,189,173,1.09
Marlon Brown,8179,WR,14,BLT,29,24,255,237,1.08
Ryan Mathews,5537,HB,6,SD,10,9,69,64,1.08
Mychal Rivera,7965,TE,16,OAK,92,58,534,494,1.08
Quinton Patton,7910,WR,4,SF,7,3,44,41,1.07
Cordarrelle Patterson,7810,WR,15,MIN,58,33,384,362,1.06
Austin Pettis,6230,WR,5,SL,18,12,118,112,1.05
Alfred Blue,8816,HB,15,HST,17,14,116,110,1.05
Mike Brown,7698,WR,5,JAX,15,7,88,84,1.05
Jay Prosch,8845,FB,9,HST,4,1,24,23,1.04
James Starks,5716,HB,16,GB,27,18,140,135,1.04
Darren McFadden,4318,HB,16,OAK,44,36,212,203,1.04
Stepfan Taylor,7922,HB,13,ARZ,13,11,79,76,1.04
Tim Wright,8392,TE,16,NE,32,26,259,251,1.03
Preston Parker,5950,WR,15,NYG,56,36,418,407,1.03
Latavius Murray,7962,HB,10,OAK,21,16,137,133,1.03
Lance Moore,2718,WR,14,PIT,25,14,198,195,1.02
Donald Brown,4950,HB,13,SD,37,28,190,187,1.02
Riley Cooper,5682,WR,16,PHI,91,55,573,563,1.02
Virgil Green,6356,TE,12,DEN,6,6,74,73,1.01
Daniel Thomas,6214,HB,12,MIA,18,13,121,120,1.01
Kevin Dorsey,8007,WR,2,GB,1,1,4,4,1.0
Ryan Broyles,7057,WR,5,DET,3,2,25,25,1.0
Anthony Sherman,6288,FB,16,KC,12,10,71,71,1.0
DuJuan Harris,6595,HB,4,GB,1,1,11,11,1.0
DeVier Posey,7070,WR,1,HST,1,1,30,30,1.0
Joe Banyard,7361,HB,9,MIN,9,8,52,52,1.0
J.J. Watt,6163,DI,4,HST,3,3,4,4,1.0
Wes Welker,2204,WR,14,DEN,64,49,464,469,0.99
Kenbrell Thompkins,8126,WR,13,OAK,46,21,262,264,0.99
Jack Doyle,8520,TE,16,IND,21,18,118,119,0.99
T.J. Graham,7071,WR,11,NYJ,8,3,87,88,0.99
Brian Tyms,7321,WR,11,NE,12,5,82,83,0.99
Jeremy Kerley,6305,WR,16,NYJ,65,38,409,419,0.98
Andre Roberts,5612,WR,16,WAS,68,36,453,462,0.98
DeAngelo Williams,2972,HB,6,CAR,5,5,44,45,0.98
Damaris Johnson,7530,WR,16,HST,46,31,331,338,0.98
Brian Hartline,5031,WR,16,MIA,62,39,477,490,0.97
Ronnie Hillman,7069,HB,8,DEN,32,21,139,143,0.97
Kyle Rudolph,6195,TE,9,MIN,31,24,231,238,0.97
Scott Chandler,3745,TE,16,BUF,66,46,460,473,0.97
Mike Tolbert,4740,FB,8,CAR,17,12,93,96,0.97
John Conner,5662,FB,11,NYJ,2,2,35,36,0.97
Joseph Randle,7933,HB,9,DAL,5,4,23,24,0.96
Hakeem Nicks,4952,WR,16,IND,68,38,405,423,0.96
Andrew Quarless,5677,TE,16,GB,42,28,307,321,0.96
Davante Adams,8688,WR,16,GB,62,38,446,465,0.96
Jason Avant,3054,WR,16,KC,58,34,353,371,0.95
Jonathan Grimes,7585,HB,9,HST,7,6,86,91,0.95
Leon Washington,3062,HB,16,TEN,26,22,159,167,0.95
Harold Hoskins,9349,TE,6,MIA,4,3,21,22,0.95
Brandon Gibson,5118,WR,14,MIA,47,29,295,314,0.94
Denard Robinson,7917,HB,13,JAX,28,23,124,132,0.94
Eric Weems,4097,WR,15,ATL,11,10,102,110,0.93
Austin Seferian-Jenkins,8673,TE,9,TB,34,21,221,237,0.93
Chris Johnson,4338,HB,16,NYJ,31,24,151,163,0.93
Jacquizz Rodgers,6297,HB,16,ATL,35,29,173,187,0.93
LeGarrette Blount,5863,HB,15,NE,12,10,54,58,0.93
Marcedes Lewis,2973,TE,8,JAX,28,18,206,222,0.93
Bryan Walters,6139,WR,11,SEA,10,6,57,61,0.93
Gavin Escobar,7828,TE,16,DAL,11,9,105,113,0.93
Josh Huff,8721,WR,12,PHI,17,8,98,106,0.92
John Carlson,4352,TE,16,ARZ,49,33,350,382,0.92
Lamar Miller,7097,HB,16,MIA,47,37,264,290,0.91
Bishop Sankey,8689,HB,16,TEN,22,18,133,146,0.91
Jerick McKinnon,8731,HB,11,MIN,36,26,139,154,0.9
Paul Richardson Jr.,8680,WR,15,SEA,39,29,271,300,0.9
Gary Barnidge,4455,TE,13,CLV,24,13,156,174,0.9
Justin Forsett,4547,HB,16,BLT,55,43,272,304,0.89
Micheal Spurlock,3517,WR,1,CHI,3,1,8,9,0.89
Danny Woodhead,4914,HB,2,SD,6,5,34,38,0.89
Eric Ebron,8645,TE,13,DET,46,25,248,283,0.88
James Hanna,7175,TE,16,DAL,5,3,46,52,0.88
Mark Ingram II,6180,HB,13,NO,30,29,145,165,0.88
Jamaal Charles,4387,HB,15,KC,52,40,291,334,0.87
Dane Sanzenbacher,6570,WR,9,CIN,13,9,105,122,0.86
Robert Meachem,3643,WR,11,NO,18,7,114,136,0.84
Anthony Fasano,2998,TE,15,KC,34,24,224,267,0.84
Greg Little,6211,WR,6,CIN,12,6,69,83,0.83
James Wright,8873,WR,11,CIN,14,5,91,110,0.83
Demetrius Harris,8524,TE,7,KC,4,3,20,24,0.83
Will Johnson,7639,FB,14,PIT,9,6,41,50,0.82
Chris Ivory,6007,HB,16,NYJ,23,17,122,149,0.82
Jonathan Stewart,4327,HB,13,CAR,29,25,181,220,0.82
Ryan Hewitt,9107,FB,16,CIN,14,10,86,106,0.81
Kevin Ogletree,5387,WR,7,NYG,9,5,50,62,0.81
Corey Fuller,7953,WR,16,DET,30,14,202,251,0.8
Chase Coffman,5021,TE,13,TEN,12,6,64,81,0.79
Russell Shepard,8254,WR,7,TB,7,4,63,81,0.78
Brandon Myers,5126,TE,14,TB,27,21,186,242,0.77
Alfred Morris,7165,HB,16,WAS,26,17,155,202,0.77
Ronnie Brown,2219,HB,8,SD,6,5,44,58,0.76
Keshawn Martin,7121,WR,16,HST,12,6,78,103,0.76
Dante Rosario,3771,TE,16,CHI,19,16,116,152,0.76
Benjamin Watson,1753,TE,16,NO,27,20,136,178,0.76
Garrett Graham,5642,TE,11,HST,26,18,197,259,0.76
Ed Dickson,5595,TE,16,CAR,16,10,115,154,0.75
Cory Harkey,7306,FB,16,SL,9,8,55,73,0.75
Tavon Austin,7789,WR,15,SL,43,31,242,324,0.75
Michael Cox,8036,HB,1,NYG,3,2,9,12,0.75
Christine Michael,7843,HB,7,SEA,2,1,12,16,0.75
Junior Hemingway,7222,WR,13,KC,20,12,108,145,0.74
Denarius Moore,6300,WR,8,OAK,25,12,115,156,0.74
Marcel Jensen,8936,TE,1,JAX,1,1,8,11,0.73
Patrick DiMarco,6997,FB,16,ATL,13,9,62,85,0.73
Erik Lorig,5775,FB,10,NO,10,9,27,37,0.73
Bilal Powell,6278,HB,15,NYJ,13,11,92,127,0.72
Brandon Tate,5006,WR,15,CIN,27,17,193,269,0.72
Jamize Olawale,7572,FB,10,OAK,6,5,18,25,0.72
Anthony Dixon,5696,HB,10,BUF,9,8,49,69,0.71
Austin Johnson,8438,FB,7,NO,2,2,15,21,0.71
Alfonso Smith,5877,HB,3,SF,4,3,11,16,0.69
Montee Ball,7839,HB,5,DEN,12,9,62,90,0.69
Marquise Goodwin,7859,WR,10,BUF,9,1,42,61,0.69
James Develin,6142,FB,13,NE,6,6,43,63,0.68
Jeremy Ross,6476,WR,16,DET,33,24,314,461,0.68
Danny Amendola,4717,WR,16,NE,41,27,200,296,0.68
Robert Herron,8820,WR,7,TB,11,6,58,86,0.67
Jeff Cumberland,5861,TE,16,NYJ,43,23,247,368,0.67
Chris Gragg,8004,TE,10,BUF,9,7,48,73,0.66
Jacob Tamme,4441,TE,14,DEN,28,14,109,164,0.66
Kris Durham,6259,WR,4,TEN,11,6,54,82,0.66
Andre Williams,8748,HB,16,NYG,28,18,130,203,0.64
Dri Archer,8732,HB,12,PIT,10,7,23,36,0.64
Maurice Jones-Drew,3005,HB,12,OAK,13,11,71,111,0.64
Logan Paulsen,5795,TE,16,WAS,15,12,72,115,0.63
Matt Spaeth,3693,TE,14,PIT,4,3,46,73,0.63
Ryan Grant,8777,WR,13,WAS,14,7,68,110,0.62
Ryan Griffin,7982,TE,14,HST,15,10,91,146,0.62
Tavarres King,7943,WR,2,TB,3,2,13,21,0.62
A.J. Jenkins,7034,WR,9,KC,14,9,93,155,0.6
Marion Grice,8835,HB,7,ARZ,11,7,29,48,0.6
Justin Brown,7967,WR,6,PIT,20,12,94,157,0.6
Carlos Hyde,8692,HB,14,SF,16,12,68,113,0.6
Juwan Thompson,8955,HB,12,DEN,6,4,25,42,0.6
Jerrel Jernigan,6235,WR,2,NYG,9,6,40,68,0.59
Vernon Davis,2951,TE,14,SF,47,26,245,416,0.59
Jed Collins,4743,FB,16,DET,6,5,39,69,0.57
Darrin Reaves,9006,HB,5,CAR,8,5,31,54,0.57
Marquess Wilson,8019,WR,7,CHI,32,17,140,251,0.56
Isaiah Crowell,9295,HB,15,CLV,14,9,87,156,0.56
John Kuhn,2686,FB,12,GB,3,3,18,33,0.55
Brad Smith,3048,WR,10,PHI,3,1,11,20,0.55
Kevin Brock,5328,TE,10,CIN,6,5,21,38,0.55
David Ausberry,6393,TE,4,OAK,3,2,14,26,0.54
Ben Tate,5583,HB,11,MIN,11,9,60,112,0.54
Lee Smith,6311,TE,13,BUF,8,7,42,79,0.53
Doug Martin,7035,HB,11,TB,19,13,64,121,0.53
Chris Polk,7532,HB,8,PHI,3,2,16,30,0.53
Levine Toilolo,7915,TE,16,ATL,48,31,238,456,0.52
Frank Gore,2282,HB,16,SF,15,11,111,217,0.51
Kerwynn Williams,8013,HB,4,ARZ,5,2,11,22,0.5
Brian Leonhardt,8083,TE,12,OAK,8,6,35,72,0.49
Jonathan Dwyer,5711,HB,2,ARZ,3,2,8,17,0.47
Andre Caldwell,4411,WR,12,DEN,15,5,47,101,0.47
Darrius Heyward-Bey,4930,WR,12,PIT,5,3,33,73,0.45
Seyi Ajirotutu,6035,WR,11,SD,10,4,45,99,0.45
Terrance West,8729,HB,14,CLV,12,11,64,142,0.45
LeSean McCoy,4976,HB,16,PHI,34,29,155,363,0.43
Vance McDonald,7836,TE,8,SF,7,2,30,75,0.4
David Nelson,5862,WR,6,NYJ,16,8,65,162,0.4
Santonio Holmes,2970,WR,9,CHI,14,8,67,172,0.39
Aldrick Robinson,6330,WR,5,WAS,3,1,6,16,0.38
Bernard Pierce,7085,HB,10,BLT,5,2,13,34,0.38
Michael Hoomanawanui,5655,TE,15,NE,5,3,44,116,0.38
Nic Jacobs,8946,TE,11,JAX,3,2,16,44,0.36
Stevan Ridley,6225,HB,6,NE,4,4,20,55,0.36
Brandon Pettigrew,4943,TE,14,DET,14,10,70,203,0.34
Michael Palmer,5784,TE,2,PIT,2,1,1,3,0.33
Knowshon Moreno,4935,HB,3,MIA,1,1,8,25,0.32
Shonn Greene,4988,HB,10,TEN,1,1,13,41,0.32
Frankie Hammond,8156,WR,16,KC,10,4,45,151,0.3
Will Tukuafu,7764,FB,7,SEA,2,1,4,14,0.29
Frank Summers,5093,FB,8,BUF,6,5,9,31,0.29
Josh Morgan,4488,WR,14,CHI,18,10,70,249,0.28
Luke Stocker,6256,TE,11,TB,11,7,41,150,0.27
C.J. Fiedorowicz,8700,TE,15,HST,7,4,28,108,0.26
David Johnson,5165,TE,7,SD,1,1,4,16,0.25
Devin Street,8781,WR,15,DAL,7,2,18,75,0.24
Brandon Bolden,7469,HB,11,NE,4,2,8,34,0.24
Ray Agnew,9141,FB,12,CLV,6,3,15,72,0.21
Brandon Bostick,7605,TE,5,GB,4,2,3,16,0.19
Jonas Gray,7393,HB,7,NE,3,1,7,37,0.19
Jarrett Boykin,7363,WR,12,GB,12,3,23,125,0.18
Jorvorskie Lane,7002,FB,8,TB,1,1,3,30,0.1
Tyler Clutts,6124,FB,10,DAL,1,1,1,12,0.08
Bear Pascoe,5108,TE,14,ATL,2,2,3,42,0.07
John Phillips,5132,TE,12,SD,1,1,1,24,0.04
Charcandrick West,9047,HB,2,KC,1,0,0,2,0.0
Asante Cleveland,9066,TE,3,SF,1,0,0,10,0.0
George Winn,8123,HB,6,DET,3,0,0,26,0.0
Will Allen,1832,S,1,PIT,1,0,0,1,0.0
Jordan Thompson,9399,TE,2,DET,1,0,0,7,0.0
Kassim Osgood,1676,WR,3,SF,1,0,0,10,0.0
Julius Peppers,1010,ED,1,GB,1,0,0,1,0.0
Freddie Martino,9292,WR,1,ATL,1,0,0,2,0.0
Richard Gordon,6333,TE,4,KC,1,0,0,7,0.0
Tommy Streeter,7185,WR,2,JAX,1,0,0,6,0.0
Steve Maneri,6028,TE,1,NE,1,0,0,6,0.0
LaMichael James,7063,HB,2,MIA,1,0,0,5,0.0
Dewey McDonald,8913,S,1,IND,1,0,0,1,0.0
Josh Bellamy,7472,WR,2,CHI,1,0,0,8,0.0
DeAndre Presley,7548,WR,2,CAR,1,0,0,5,0.0
Jerome Felton,4460,FB,12,MIN,1,0,0,23,0.0
Kellen Davis,4472,TE,5,DET,3,0,0,45,0.0
Mickey Shuler,5737,TE,3,JAX,3,0,0,44,0.0
Isaiah Burse,9300,WR,3,DEN,1,0,0,7,0.0
Geno Smith,7820,QB,3,NYJ,1,0,0,3,0.0
Rodney Smith,8165,WR,1,CLV,1,0,0,5,0.0
Chris Ogbonnaya,5135,HB,3,NYG,1,0,0,17,0.0
Storm Johnson,8856,HB,6,JAX,1,1,-4,18,-0.22
Mike James,7970,HB,7,TB,1,1,-5,18,-0.28
Senorise Perry,9035,HB,1,CHI,1,1,-1,1,-1.0
